rows,method,reps,seconds,peak_gb,matches_first,skipped,speedup_vs_pairwise,id_type,threads,r_version
1005,pairwise,10,0.33,0.0522190848,TRUE,,1,character,8,4.6.1
1005,self_join,10,0.0299999999999998,0.0179306496,TRUE,,11.0000000000001,character,8,4.6.1
1005,sort_lead,10,0.0300000000000003,0.02359296,TRUE,,10.9999999999999,character,8,4.6.1
1005,duckdb,10,0.370000000000001,,TRUE,,0.89189189189189,character,8,4.6.1
9991,pairwise,10,0.345000000000001,0.066584576,TRUE,,1,character,8,4.6.1
9991,self_join,10,0.0300000000000011,0.00713031680000001,TRUE,,11.4999999999996,character,8,4.6.1
9991,sort_lead,10,0.0300000000000011,0.00838860800000001,TRUE,,11.4999999999996,character,8,4.6.1
9991,duckdb,10,0.390000000000001,,TRUE,,0.884615384615385,character,8,4.6.1
99891,pairwise,10,0.505000000000001,0.0851443712,TRUE,,1,character,8,4.6.1
99891,self_join,10,0.0799999999999983,0.0344981504,TRUE,,6.31250000000015,character,8,4.6.1
99891,sort_lead,10,0.0499999999999972,0.0393216,TRUE,,10.1000000000006,character,8,4.6.1
99891,duckdb,10,0.415000000000003,,TRUE,,1.21686746987951,character,8,4.6.1
999895,pairwise,5,2.22,0.071827456,TRUE,,1,character,8,4.6.1
999895,self_join,5,0.590000000000003,0.1433403392,TRUE,,3.76271186440676,character,8,4.6.1
999895,sort_lead,5,0.280000000000001,0.135266304,TRUE,,7.92857142857139,character,8,4.6.1
999895,duckdb,5,0.490000000000002,,TRUE,,4.53061224489794,character,8,4.6.1
10000091,pairwise,3,22.43,0.58458112,TRUE,,1,character,8,4.6.1
10000091,self_join,3,9.86000000000001,1.4566817792,TRUE,,2.27484787018255,character,8,4.6.1
10000091,sort_lead,3,3.96000000000001,1.3108248576,TRUE,,5.66414141414141,character,8,4.6.1
10000091,duckdb,3,1.89000000000001,,TRUE,,11.8677248677248,character,8,4.6.1
100002303,pairwise,1,259.72,6.0741910528,,,1,character,8,4.6.1
100002303,self_join,1,108.26,11.4773983232,,,2.39903934971365,character,8,4.6.1
100002303,sort_lead,1,45.08,11.2591896576,,,5.76131322094054,character,8,4.6.1
100002303,duckdb,1,6.86000000000001,,,,37.8600583090378,character,8,4.6.1
1000000138,pairwise,0,,,,projected peak 60.7 GB > available 64.8 GB,,character,8,4.6.1
1000000138,self_join,0,,,,projected peak 114.8 GB > available 64.8 GB,,character,8,4.6.1
1000000138,sort_lead,0,,,,projected peak 112.6 GB > available 64.8 GB,,character,8,4.6.1
1000000138,duckdb,1,79.2799999999998,,,,,character,8,4.6.1
